{"_timestamp":1.7463607597958825e+09,"_runtime":6.0447764,"_step":25,"loss":7.644264221191406,"_wandb":{"runtime":6},"lr":2.0833333333333336e-05}