{"_wandb":{"runtime":0},"_timestamp":1.7463532412795973e+09,"_runtime":0.9028408,"_step":25,"loss":1.7959351539611816,"lr":2.0833333333333336e-05}