{"lr":8e-05,"_timestamp":1.7465246849858243e+09,"_runtime":0.9258839,"_step":160,"_wandb":{"runtime":0},"loss":0.40118715167045593}