{"loss":0.9704632759094238,"lr":5.731707317073171e-05,"_timestamp":1.7464325285877264e+09,"_runtime":1.0137535,"_step":470,"_wandb":{"runtime":1}}