{"_runtime":0.8570865,"_step":160,"_wandb":{"runtime":0},"loss":2.3068675994873047,"lr":8e-05,"_timestamp":1.7465147444467015e+09}