{"_step":160,"_wandb":{"runtime":0},"loss":0.47663137316703796,"lr":8e-05,"_timestamp":1.746535962707049e+09,"_runtime":0.9156502}