{"_timestamp":1.746355566922951e+09,"_runtime":1.1061035,"_step":25,"_wandb":{"runtime":1},"loss":2.3195574283599854,"lr":2.0833333333333336e-05}