{"_timestamp":1.7464401228445618e+09,"_runtime":2.9806781,"_step":470,"_wandb":{"runtime":2},"loss":2.6119558811187744,"lr":5.731707317073171e-05}