{"lr":9e-05,"_wandb":{"runtime":1},"_timestamp":1.7465440394707193e+09,"_runtime":1.0203355,"_step":135,"loss":1.2538007497787476}