{"_wandb":{"runtime":0},"loss":2.987095832824707,"lr":8e-05,"_timestamp":1.7465268644752429e+09,"_runtime":0.8758584,"_step":160}