{"lr":8e-05,"_timestamp":1.7464955200674124e+09,"_runtime":0.8323875,"_step":160,"_wandb":{"runtime":0},"loss":0.7260235548019409}