{"_timestamp":1.746568716085711e+09,"_runtime":0.9425295,"_wandb":{"runtime":0},"_step":135,"loss":1.1127195358276367,"lr":9e-05}