{"_wandb":{"runtime":1},"_runtime":1.0674699,"_step":160,"loss":0.763809859752655,"lr":8e-05,"_timestamp":1.7465125830487757e+09}