{"loss":1.1324347257614136,"lr":9.791666666666667e-05,"_timestamp":1.746477471809404e+09,"_runtime":0.9569491,"_step":235,"_wandb":{"runtime":0}}