{"_step":135,"loss":2.894587516784668,"lr":9e-05,"_wandb":{"runtime":0},"_timestamp":1.7465461181506538e+09,"_runtime":0.8393486}